relation,object,subject,quantity
Includes Card,Erhnamgeddon,Brushland,4
Includes Card,Erhnamgeddon,Forest,6
Includes Card,Erhnamgeddon,Havenwood Battleground,1
Includes Card,Erhnamgeddon,Plains,6
Includes Card,Erhnamgeddon,Ruins of Trokair,1
Includes Card,Erhnamgeddon,Strip Mine,4
Includes Card,Erhnamgeddon,Autumn Willow,1
Includes Card,Erhnamgeddon,Erhnam Djinn,4
Includes Card,Erhnamgeddon,Fyndhorn Elves,2
Includes Card,Erhnamgeddon,Llanowar Elves,2
Includes Card,Erhnamgeddon,Order of Leitbur,2
Includes Card,Erhnamgeddon,Serra Angel,1
Includes Card,Erhnamgeddon,Spectral Bears,2
Includes Card,Erhnamgeddon,Fellwar Stone,2
Includes Card,Erhnamgeddon,Icy Manipulator,2
Includes Card,Erhnamgeddon,Ivory Tower,1
Includes Card,Erhnamgeddon,Zuran Orb,1
Includes Card,Erhnamgeddon,Land Tax,2
Includes Card,Erhnamgeddon,Sylvan Library,2
Includes Card,Erhnamgeddon,Disenchant,4
Includes Card,Erhnamgeddon,Swords to Plowshares,4
Includes Card,Erhnamgeddon,Armageddon,3
Includes Card,Erhnamgeddon,Balance,1
Includes Card,Erhnamgeddon,Wrath of God,2